{
    "type:house_4": {
        "frame": "map",
        "x": 23.74735488359581,
        "y": -3.738632897199338,
        "z": 0.0,
        "yaw": -0.2572578254960074
    },
    "type:house_5": {
        "frame": "map",
        "x": 23.321056455071545,
        "y": 1.2778067330529375,
        "z": 0.0,
        "yaw": -0.05896843979118106
    },
    "type:restaurant": {
        "frame": "map",
        "x": 22.21055093960207,
        "y": 5.29611656360154,
        "z": 0.0,
        "yaw": 2.3570304027390483
    }
}