{
    "type:supermarket": {
        "frame": "map",
        "x": 0.9163491239926184,
        "y": 0.8046272432385526,
        "z": 0.0,
        "yaw": 0.522001389464974
    },
    "type:house_3": {
        "frame": "map",
        "x": 3.623687082750562,
        "y": 2.8361381220425352,
        "z": 0.0,
        "yaw": -1.378133610693207
    },
    "type:house_4": {
        "frame": "map",
        "x": 9.985333936958286,
        "y": 0.7232431868330809,
        "z": 0.0,
        "yaw": -1.6059709492970478
    },
    "type:restaurant": {
        "frame": "map",
        "x": 16.80506408078406,
        "y": -7.108488030175423,
        "z": 0.0,
        "yaw": 0.11558181534357724
    },
    "type:house_5": {
        "frame": "map",
        "x": 17.32375600519189,
        "y": -6.972912246013677,
        "z": 0.0,
        "yaw": -1.4722525743856785
    },
    "type:fire_center": {
        "frame": "map",
        "x": -4.615883971946786,
        "y": 17.696053418273387,
        "z": 0.0,
        "yaw": 0.24586509159847214
    },
    "type:house_2": {
        "frame": "map",
        "x": -4.085000706816436,
        "y": 3.194822571551045,
        "z": 0.0,
        "yaw": -2.933759810572798
    },
    "type:house_1": {
        "frame": "map",
        "x": -14.398934753335869,
        "y": 4.924226702511356,
        "z": 0.0,
        "yaw": 3.1125134896740634
    },
    "type:pharmacy": {
        "frame": "map",
        "x": -10.961822501838464,
        "y": 12.486926610806199,
        "z": 0.0,
        "yaw": 1.3033923808257737
    }
}