{
    "type:house_1": {
        "frame": "map",
        "x": -23.579707956228102,
        "y": -1.2642827004152015,
        "z": 0.0,
        "yaw": -1.8053133621189106
    },
    "dock": {
        "frame": "map",
        "x": -26.073311236272314,
        "y": 6.5613235432888,
        "z": 0.0,
        "yaw": 1.7938188575021536
    },
    "type:pharmacy": {
        "frame": "map",
        "x": -19.427172645262704,
        "y": 6.6506625131856225,
        "z": 0.0,
        "yaw": 2.622673982641552
    },
    "type:house_2": {
        "frame": "map",
        "x": -12.85377124057178,
        "y": -2.6023945066862666,
        "z": 0.0,
        "yaw": 1.3259361153263807
    },
    "type:fire_center": {
        "frame": "map",
        "x": -9.594417885929433,
        "y": 6.558995600208448,
        "z": 0.0,
        "yaw": 1.2869822866970975
    },
    "type:house_3": {
        "frame": "map",
        "x": -2.3761032796322503,
        "y": -3.3238279415150136,
        "z": 0.0,
        "yaw": -1.0908130207981774
    },
    "type:supermarket": {
        "frame": "map",
        "x": 5.737482529770528,
        "y": 6.026992535462288,
        "z": 0.0,
        "yaw": 1.0205059779636765
    },
    "type:house_4": {
        "frame": "map",
        "x": 10.671521600999672,
        "y": -3.768453446778271,
        "z": 0.0,
        "yaw": -1.3824915869086465
    },
    "type:restaurant": {
        "frame": "map",
        "x": 20.66900682706904,
        "y": 5.245335927130571,
        "z": 0.0,
        "yaw": 0.9773644781450397
    },
    "type:house_5": {
        "frame": "map",
        "x": 22.685623310444573,
        "y": -3.9168994669618122,
        "z": 0.0,
        "yaw": -1.3454138119455985
    }
}